{"cameraMode":{"drawMode":0,"name":"Shaded","section":"Shading Mode"},"sceneLighting":false,"audioPlay":false,"sceneViewState":{"m_AlwaysRefresh":false,"showFog":true,"showSkybox":false,"showFlares":true,"showImageEffects":true,"showParticleSystems":true,"showVisualEffectGraphs":true,"m_FxEnabled":true},"in2DMode":false,"pivot":{"x":9.975676536560059,"y":2.4702935218811037,"z":11.27082633972168},"rotation":{"x":0.01797536201775074,"y":0.051265597343444827,"z":-0.0009228179696947336,"w":0.9985226392745972},"size":4.046253204345703,"orthographic":true}